category,field,value
document_info,,{}
instrument_settings,,{}
instrument_info,,{}
sample_data,,"{""standard_curve_wells"": [{""well"": ""A1"", ""concentration"": 0.0, ""fluorescence_value"": 25.544, ""reduced_value"": 25.544, ""date"": ""03-""}, {""well"": ""A2"", ""concentration"": 0.5, ""fluorescence_value"": 2356.2, ""reduced_value"": 2356.2, ""date"": ""03-""}, {""well"": ""A3"", ""concentration"": 1.0, ""fluorescence_value"": 4613.0, ""reduced_value"": 4613.0, ""date"": ""03-""}, {""well"": ""A4"", ""concentration"": 1.5, ""fluorescence_value"": 6842.5, ""reduced_value"": 6842.5, ""date"": ""03-""}, {""well"": ""A5"", ""concentration"": 2.0, ""fluorescence_value"": 9023.8, ""reduced_value"": 9023.8, ""date"": ""03-""}, {""well"": ""A6"", ""concentration"": 2.5, ""fluorescence_value"": 11000.0, ""reduced_value"": 11000.0, ""date"": ""03-""}], ""control_and_sample_wells"": [{""well"": ""B1"", ""sample_type"": ""MUI Blank"", ""fluorescence_value"": 660.08, ""reduced_value"": 660.08, ""date"": ""03-""}, {""well"": ""B2"", ""sample_type"": ""Reference"", ""fluorescence_value"": 6996.6, ""reduced_value"": 6996.6, ""date"": ""03-""}, {""well"": ""B3"", ""sample_type"": ""Sample 1"", ""fluorescence_value"": 7061.5, ""reduced_value"": 7061.5, ""date"": ""03-""}, {""well"": ""B4"", ""sample_type"": ""Sample 2"", ""fluorescence_value"": 6971.6, ""reduced_value"": 6971.6, ""date"": ""03-""}, {""well"": ""B5"", ""sample_type"": ""Sample 3"", ""fluorescence_value"": 7409.7, ""reduced_value"": 7409.7, ""date"": ""03-""}, {""well"": ""B6"", ""sample_type"": ""Sample 4"", ""fluorescence_value"": null, ""reduced_value"": null, ""date"": null}, {""well"": ""B7"", ""sample_type"": ""Sample 5"", ""fluorescence_value"": null, ""reduced_value"": null, ""date"": null}, {""well"": ""B8"", ""sample_type"": ""Sample 6"", ""fluorescence_value"": null, ""reduced_value"": null, ""date"": null}]}"
standards_table,,"{""headers"": [], ""data"": []}"
key_calculation,,None
full_content,,"

=== PAGE 1 ===
# Experiment#1 - Laboratory Analysis Report

## Document Information
- **Document ID**: QC Verified Protocols/NVT615/2025Q1/101 SOP1033S4 03FEB25 JEN
- **Document Status**: Approved
- **Date**: 04-Feb-2025 14:46:52
- **Page**: 1 of 2

## Settings Information
### Endpoint
- **Fluorescence**: Ex, Auto Cutoff, Em
- **Lm1**: 365, 435, 440

### PMT and Optics
- **Auto**
- **6 Flashes/read**

## Sample Results Grid

### Standards (A1-A6)
- **A1**: 0.0 Std - 25.544 (Reduced: 25.544) - Date: 03-Feb-2025 10:11
- **A2**: 0.5 Std - 2356.2 (Reduced: 2356.2) - Date: 03-Feb-2025 10:12
- **A3**: 1.0 Std - 4613.0 (Reduced: 4613.0) - Date: 03-Feb-2025 10:13
- **A4**: 1.5 Std - 6842.5 (Reduced: 6842.5) - Date: 03-Feb-2025 10:13
- **A5**: 2.0 Std - 9023.8 (Reduced: 9023.8) - Date: 03-Feb-2025 10:14
- **A6**: 2.5 Std - 1.1e4 (Reduced: 1.1e4) - Date: 03-Feb-2025 10:15

### Controls and Samples (B1-B8)
- **B1**: MUI Blank - 660.08 (Reduced: 660.08) - Date: 03-Feb-2025 10:27
- **B2**: Reference - 6996.6 (Reduced: 6996.6) - Date: 03-Feb-2025 10:28
- **B3**: Sample 1 - 7061.5 (Reduced: 7061.5) - Date: 03-Feb-2025 10:30
- **B4**: Sample 2 - 6971.6 (Reduced: 6971.6) - Date: 03-Feb-2025 10:31
- **B5**: Sample 3 - 7409.7 (Reduced: 7409.7) - Date: 03-Feb-2025 10:32
- **B6**: Sample 4 - Date: No Data
- **B7**: Sample 5 - Date: No Data
- **B8**: Sample 6 - Date: No Data

All entries show ""Ref: No Reference"" unless otherwise noted.

## Read Information
- **Instrument**: SpectraMax M3
- **ROM**: v3.0.22 16Feb11
- **Start Read**: 10:32 03-Feb-2025
- **Mean Temperature**: 20.2°C
- **Read By**: jdea

## Reduction Settings
- **Wavelength Combination**: fLm1

## Standards Analysis Table
| Sample | Concentration | Wells | Values | Back Calc Conc (μmoles) | Percent Back Calc |
|--------|---------------|-------|---------|-------------------------|-------------------|
| 0.0 Std | 0.0 | A1 | 25.544 | -0.017 | -Inf |
| 0.5 Std | 0.5 | A2 | 2356.174 | 0.506 | 101.15 |
| 1.0 Std | 1.0 | A3 | 4612.967 | 1.012 | 101.20 |
| 1.5 Std | 1.5 | A4 | 6842.518 | 1.512 | 100.81 |
| 2.0 Std | 2.0 | A5 | 9023.809 | 2.001 | 100.07 |
| 2.5 Std | 2.5 | A6 | 11181.518 | 2.486 | 99.42 |

## Key Ratio
**0.5 μM / 0.0 μM Std Ratio = 92.240**

This appears to be a fluorescence-based quantitative analysis experiment with a standard curve showing excellent linearity and recovery percentages close to 100% for most standards."
